{
  "images" : [
    {
      "filename" : "ic_check_box_outline_blank.png",
      "idiom" : "universal",
      "scale" : "1x"
    },
    {
      "filename" : "ic_check_box_outline_blank-1.png",
      "idiom" : "universal",
      "scale" : "2x"
    },
    {
      "filename" : "ic_check_box_outline_blank-2.png",
      "idiom" : "universal",
      "scale" : "3x"
    }
  ],
  "info" : {
    "author" : "xcode",
    "version" : 1
  },
  "properties" : {
    "template-rendering-intent" : "template"
  }
}
